{
  "best_params": {
    "hidden_units_1": 178,
    "hidden_units_2": 53,
    "hidden_units_3": 43,
    "dropout_rate": 0.5,
    "l1_reg": 0.0001,
    "l2_reg": 0.0001,
    "learning_rate": 0.0006,
    "activation": "relu"
  },
  "best_validation_f1": 0.784129154611923,
  "optimization_history": [],
  "test_metrics": {
    "accuracy": 0.767571329157968,
    "weighted_f1": 0.7672664184557403,
    "macro_f1": 0.7647790567378938,
    "per_class_metrics": {
      "negative": {
        "precision": 0.7575757575757576,
        "recall": 0.7217847769028871,
        "f1": 0.739247311827957,
        "support": 381
      },
      "neutral": {
        "precision": 0.7835820895522388,
        "recall": 0.7636363636363637,
        "f1": 0.7734806629834254,
        "support": 550
      },
      "positive": {
        "precision": 0.758364312267658,
        "recall": 0.8063241106719368,
        "f1": 0.7816091954022989,
        "support": 506
      }
    },
    "confusion_matrix": [
      [
        275,
        59,
        47
      ],
      [
        47,
        420,
        83
      ],
      [
        41,
        57,
        408
      ]
    ],
    "roc_auc_scores": {
      "class_-1": 0.9040938419629364,
      "class_0": 0.90218407297325,
      "class_1": 0.9157478676929479
    },
    "classification_report": {
      "-1": {
        "precision": 0.7575757575757576,
        "recall": 0.7217847769028871,
        "f1-score": 0.739247311827957,
        "support": 381.0
      },
      "0": {
        "precision": 0.7835820895522388,
        "recall": 0.7636363636363637,
        "f1-score": 0.7734806629834254,
        "support": 550.0
      },
      "1": {
        "precision": 0.758364312267658,
        "recall": 0.8063241106719368,
        "f1-score": 0.7816091954022989,
        "support": 506.0
      },
      "accuracy": 0.767571329157968,
      "macro avg": {
        "precision": 0.7665073864652182,
        "recall": 0.7639150837370625,
        "f1-score": 0.7647790567378938,
        "support": 1437.0
      },
      "weighted avg": {
        "precision": 0.7678071363239596,
        "recall": 0.767571329157968,
        "f1-score": 0.7672664184557403,
        "support": 1437.0
      }
    }
  },
  "val_metrics": {
    "accuracy": 0.7842727905358385,
    "weighted_f1": 0.784129154611923,
    "macro_f1": 0.7829979881641673,
    "per_class_metrics": {
      "negative": {
        "precision": 0.7884615384615384,
        "recall": 0.7532808398950132,
        "f1": 0.7704697986577181,
        "support": 381
      },
      "neutral": {
        "precision": 0.785063752276867,
        "recall": 0.7836363636363637,
        "f1": 0.7843494085532302,
        "support": 550
      },
      "positive": {
        "precision": 0.7805343511450382,
        "recall": 0.808300395256917,
        "f1": 0.7941747572815534,
        "support": 506
      }
    },
    "confusion_matrix": [
      [
        287,
        59,
        35
      ],
      [
        39,
        431,
        80
      ],
      [
        38,
        59,
        409
      ]
    ],
    "roc_auc_scores": {
      "class_-1": 0.9201351606617354,
      "class_0": 0.9001937070820949,
      "class_1": 0.9161490683229814
    },
    "classification_report": {
      "-1": {
        "precision": 0.7884615384615384,
        "recall": 0.7532808398950132,
        "f1-score": 0.7704697986577181,
        "support": 381.0
      },
      "0": {
        "precision": 0.785063752276867,
        "recall": 0.7836363636363637,
        "f1-score": 0.7843494085532302,
        "support": 550.0
      },
      "1": {
        "precision": 0.7805343511450382,
        "recall": 0.808300395256917,
        "f1-score": 0.7941747572815534,
        "support": 506.0
      },
      "accuracy": 0.7842727905358385,
      "macro avg": {
        "precision": 0.7846865472944812,
        "recall": 0.781739199596098,
        "f1-score": 0.7829979881641673,
        "support": 1437.0
      },
      "weighted avg": {
        "precision": 0.7843697227456592,
        "recall": 0.7842727905358385,
        "f1-score": 0.784129154611923,
        "support": 1437.0
      }
    }
  }
}