{
  "test_metrics": {
    "accuracy": 0.7288242730720607,
    "weighted_f1": 0.7279963969227528,
    "per_class_metrics": {
      "negative": {
        "precision": 0.7475961538461539,
        "recall": 0.6547368421052632,
        "f1": 0.6980920314253648,
        "support": 475
      },
      "neutral": {
        "precision": 0.6977124183006536,
        "recall": 0.7922077922077922,
        "f1": 0.7419635099913119,
        "support": 539
      },
      "positive": {
        "precision": 0.7490974729241877,
        "recall": 0.7306338028169014,
        "f1": 0.7397504456327986,
        "support": 568
      }
    },
    "confusion_matrix": [
      [
        311,
        90,
        74
      ],
      [
        47,
        427,
        65
      ],
      [
        58,
        95,
        415
      ]
    ],
    "roc_auc_scores": {
      "class_-1": 0.8797546712309228,
      "class_0": 0.8811904435791574,
      "class_1": 0.8657405478234297
    },
    "classification_report": {
      "-1": {
        "precision": 0.7475961538461539,
        "recall": 0.6547368421052632,
        "f1-score": 0.6980920314253648,
        "support": 475.0
      },
      "0": {
        "precision": 0.6977124183006536,
        "recall": 0.7922077922077922,
        "f1-score": 0.7419635099913119,
        "support": 539.0
      },
      "1": {
        "precision": 0.7490974729241877,
        "recall": 0.7306338028169014,
        "f1-score": 0.7397504456327986,
        "support": 568.0
      },
      "accuracy": 0.7288242730720607,
      "macro avg": {
        "precision": 0.7314686816903317,
        "recall": 0.7258594790433189,
        "f1-score": 0.7266019956831583,
        "support": 1582.0
      },
      "weighted avg": {
        "precision": 0.73113940022877,
        "recall": 0.7288242730720607,
        "f1-score": 0.7279963969227528,
        "support": 1582.0
      }
    }
  },
  "cross_validation": {
    "mean_accuracy": 0.7221696602791814,
    "std_accuracy": 0.013866640286558932,
    "fold_scores": [
      0.7470355731225297,
      0.7225296442687748,
      0.7090909090909091,
      0.7090909090909091,
      0.7231012658227848
    ]
  },
  "feature_importance": {
    "Negative": {
      "top_positive": [
        [
          "falls",
          1.4544282213337587
        ],
        [
          "fall",
          1.3121545912103076
        ],
        [
          "slips",
          1.201032212223863
        ],
        [
          "sell",
          1.1233083666918675
        ],
        [
          "weak",
          1.0828074089067725
        ],
        [
          "low",
          1.0821047654040123
        ],
        [
          "loss",
          0.9526390541872686
        ],
        [
          "dips",
          0.8087838166375555
        ],
        [
          "futures",
          0.7651546762201336
        ],
        [
          "lower",
          0.7489052319811241
        ],
        [
          "plunges",
          0.7071071276723789
        ],
        [
          "declines",
          0.6914548025847091
        ],
        [
          "shares",
          0.6817817228104025
        ],
        [
          "drops",
          0.6490728927180862
        ],
        [
          "decline",
          0.619251605725457
        ],
        [
          "drop",
          0.5777318404310597
        ],
        [
          "global",
          0.564699304905942
        ],
        [
          "bearish",
          0.5446726678905492
        ],
        [
          "cent",
          0.5072558108056336
        ],
        [
          "slip",
          0.49913707162172366
        ]
      ],
      "top_negative": [
        [
          "sebi",
          -0.7621602940795211
        ],
        [
          "surges",
          -0.5690573804411047
        ],
        [
          "rises",
          -0.5671177088086745
        ],
        [
          "ipo",
          -0.5248564835005971
        ],
        [
          "appoints",
          -0.5236947299285377
        ],
        [
          "jumps",
          -0.4768367530196942
        ],
        [
          "rallies",
          -0.4723558362689752
        ],
        [
          "plans",
          -0.405804746942524
        ],
        [
          "gain",
          -0.3883436183812934
        ],
        [
          "buy",
          -0.3788879056952195
        ],
        [
          "high",
          -0.37838092459306805
        ],
        [
          "strong",
          -0.3724959155670343
        ],
        [
          "raise",
          -0.37240855561818054
        ],
        [
          "new",
          -0.3635643166075554
        ],
        [
          "ceo",
          -0.3501552063325522
        ],
        [
          "good",
          -0.3370015384329994
        ],
        [
          "rise",
          -0.3312573596793565
        ],
        [
          "steady",
          -0.3308157799582794
        ],
        [
          "director",
          -0.3284532496366009
        ],
        [
          "nifty",
          -0.3273744813579267
        ]
      ]
    },
    "Neutral": {
      "top_positive": [
        [
          "sebi",
          1.5838635350735955
        ],
        [
          "appoints",
          1.0793256425341502
        ],
        [
          "ipo",
          0.9747244552489368
        ],
        [
          "ceo",
          0.7444555610154792
        ],
        [
          "director",
          0.6934523715802237
        ],
        [
          "new",
          0.6800028716097142
        ],
        [
          "nifty",
          0.6610777255388519
        ],
        [
          "flat",
          0.625550083135222
        ],
        [
          "trading",
          0.5910818715880144
        ],
        [
          "raise",
          0.5775261920639908
        ],
        [
          "chairman",
          0.5385324678633739
        ],
        [
          "steady",
          0.5369992050441001
        ],
        [
          "board",
          0.5254314674215126
        ],
        [
          "india",
          0.5172486327560527
        ],
        [
          "profit rs",
          0.5038572452456468
        ],
        [
          "range",
          0.49431514452886677
        ],
        [
          "appointed",
          0.4923965927827261
        ],
        [
          "markets",
          0.47696815610875337
        ],
        [
          "head",
          0.47259025341871336
        ],
        [
          "md",
          0.45916150658106325
        ]
      ],
      "top_negative": [
        [
          "net",
          -1.0230353952693114
        ],
        [
          "shares",
          -0.8465600197103021
        ],
        [
          "futures",
          -0.8114183840233993
        ],
        [
          "cent",
          -0.7987087493224271
        ],
        [
          "demand",
          -0.7321995469646798
        ],
        [
          "falls",
          -0.6864768886821668
        ],
        [
          "low",
          -0.6416393929062226
        ],
        [
          "fall",
          -0.6391880721579558
        ],
        [
          "stock",
          -0.6309982549332438
        ],
        [
          "high",
          -0.621339396145333
        ],
        [
          "sell",
          -0.6020162644443977
        ],
        [
          "pc",
          -0.5994834667866853
        ],
        [
          "surges",
          -0.590220439756936
        ],
        [
          "slips",
          -0.5630052778612766
        ],
        [
          "profit",
          -0.5629539537649125
        ],
        [
          "rises",
          -0.5503126342553859
        ],
        [
          "weak",
          -0.5049702050729108
        ],
        [
          "rallies",
          -0.4856123027493162
        ],
        [
          "gains",
          -0.4837855328869512
        ],
        [
          "stocks",
          -0.47747148317669685
        ]
      ]
    },