{
  "accuracy": 0.2651356993736952,
  "weighted_f1": 0.11112948455597127,
  "macro_f1": 0.13971397139713973,
  "per_class_metrics": {
    "negative": {
      "precision": 0.0,
      "recall": 0.0,
      "f1": 0.0,
      "support": 0
    },
    "neutral": {
      "precision": 0.2651356993736952,
      "recall": 1.0,
      "f1": 0.41914191419141916,
      "support": 381
    },
    "positive": {
      "precision": 0.0,
      "recall": 0.0,
      "f1": 0.0,
      "support": 550
    }
  },
  "confusion_matrix": [
    [
      0,
      0,
      0
    ],
    [
      0,
      381,
      0
    ],
    [
      0,
      550,
      0
    ]
  ],
  "classification_report": {
    "negative": {
      "precision": 0.0,
      "recall": 0.0,
      "f1-score": 0.0,
      "support": 0.0
    },
    "neutral": {
      "precision": 0.2651356993736952,
      "recall": 1.0,
      "f1-score": 0.41914191419141916,
      "support": 381.0
    },
    "positive": {
      "precision": 0.0,
      "recall": 0.0,
      "f1-score": 0.0,
      "support": 550.0
    },
    "micro avg": {
      "precision": 0.2651356993736952,
      "recall": 0.4092373791621912,
      "f1-score": 0.3217905405405405,
      "support": 931.0
    },
    "macro avg": {
      "precision": 0.08837856645789839,
      "recall": 0.3333333333333333,
      "f1-score": 0.13971397139713973,
      "support": 931.0
    },
    "weighted avg": {
      "precision": 0.10850343873402563,
      "recall": 0.4092373791621912,
      "f1-score": 0.17152853846072041,
      "support": 931.0
    }
  }
}