{
  "accuracy": 0.8780025284450064,
  "weighted_f1": 0.877468543923284,
  "per_class_metrics": {
    "negative": {
      "precision": 0.8744939271255061,
      "recall": 0.9094736842105263,
      "f1": 0.891640866873065,
      "support": 475
    },
    "neutral": {
      "precision": 0.8784860557768924,
      "recall": 0.8181818181818182,
      "f1": 0.8472622478386167,
      "support": 539
    },
    "positive": {
      "precision": 0.8805460750853242,
      "recall": 0.9084507042253521,
      "f1": 0.8942807625649913,
      "support": 568
    }
  },
  "confusion_matrix": [
    [
      432,
      31,
      12
    ],
    [
      40,
      441,
      58
    ],
    [
      22,
      30,
      516
    ]
  ],
  "roc_auc_scores": {
    "class_-1": 0.9749232158988257,
    "class_0": 0.9627981934515287,
    "class_1": 0.9730724088118453
  },
  "classification_report": {
    "-1": {
      "precision": 0.8744939271255061,
      "recall": 0.9094736842105263,
      "f1-score": 0.891640866873065,
      "support": 475.0
    },
    "0": {
      "precision": 0.8784860557768924,
      "recall": 0.8181818181818182,
      "f1-score": 0.8472622478386167,
      "support": 539.0
    },
    "1": {
      "precision": 0.8805460750853242,
      "recall": 0.9084507042253521,
      "f1-score": 0.8942807625649913,
      "support": 568.0
    },
    "accuracy": 0.8780025284450064,
    "macro avg": {
      "precision": 0.877842019329241,
      "recall": 0.8787020688725655,
      "f1-score": 0.8777279590922243,
      "support": 1582.0
    },
    "weighted avg": {
      "precision": 0.878027035459434,
      "recall": 0.8780025284450064,
      "f1-score": 0.877468543923284,
      "support": 1582.0
    }
  }
}