{
  "loss": [
    0.6865205764770508,
    0.3679090738296509,
    0.272153377532959,
    0.21288080513477325,
    0.15922270715236664
  ],
  "val_loss": [
    0.4756317734718323,
    0.4117305278778076,
    0.39262107014656067,
    0.4201616644859314,
    0.5132083892822266
  ],
  "accuracy": [
    0.7118256688117981,
    0.8692672848701477,
    0.9049376249313354,
    0.9290106892585754,
    0.9481637477874756
  ],
  "val_accuracy": [
    0.829383909702301,
    0.8483412265777588,
    0.860979437828064,
    0.8562401533126831,
    0.8562401533126831
  ]
}