{
  "test_metrics": {
    "accuracy": 0.7223382045929019,
    "weighted_f1": 0.7219339525578466,
    "macro_f1": 0.7206280036187255,
    "per_class_metrics": {
      "negative": {
        "precision": 0.7725856697819314,
        "recall": 0.6509186351706037,
        "f1": 0.7065527065527065,
        "support": 381
      },
      "neutral": {
        "precision": 0.6976351351351351,
        "recall": 0.7509090909090909,
        "f1": 0.723292469352014,
        "support": 550
      },
      "positive": {
        "precision": 0.7194656488549618,
        "recall": 0.7450592885375494,
        "f1": 0.7320388349514563,
        "support": 506
      }
    },
    "confusion_matrix": [
      [
        248,
        85,
        48
      ],
      [
        38,
        413,
        99
      ],
      [
        35,
        94,
        377
      ]
    ],
    "roc_auc_scores": {
      "class_-1": 0.8867948679710491,
      "class_0": 0.8697253254073997,
      "class_1": 0.8892389075455437
    },
    "classification_report": {
      "-1": {
        "precision": 0.7725856697819314,
        "recall": 0.6509186351706037,
        "f1-score": 0.7065527065527065,
        "support": 381.0
      },
      "0": {
        "precision": 0.6976351351351351,
        "recall": 0.7509090909090909,
        "f1-score": 0.723292469352014,
        "support": 550.0
      },
      "1": {
        "precision": 0.7194656488549618,
        "recall": 0.7450592885375494,
        "f1-score": 0.7320388349514563,
        "support": 506.0
      },
      "accuracy": 0.7223382045929019,
      "macro avg": {
        "precision": 0.7298954845906761,
        "recall": 0.7156290048724147,
        "f1-score": 0.7206280036187255,
        "support": 1437.0
      },
      "weighted avg": {
        "precision": 0.7251942121307244,
        "recall": 0.7223382045929019,
        "f1-score": 0.7219339525578466,
        "support": 1437.0
      }
    }
  },
  "cross_validation": {
    "mean_accuracy": 0.7256112034179918,
    "std_accuracy": 0.006916796681916901,
    "fold_scores": [
      0.7272727272727273,
      0.7210617928633595,
      0.737597911227154,
      0.7171453437771975,
      0.7249782419495213
    ]
  },
  "feature_importance": {
    "Negative": {
      "top_positive": [
        [
          "fall",
          2.0417737788691985
        ],
        [
          "falls",
          1.5537960570588167
        ],
        [
          "low",
          1.3370471327173221
        ],
        [
          "lower",
          1.3185848418390245
        ],
        [
          "slips",
          1.281673750455829
        ],
        [
          "target slips",
          1.2665601448021133
        ],
        [
          "weak",
          1.254176501391464
        ],
        [
          "sell",
          1.1688356457010625
        ],
        [
          "target falls",
          1.127907612188704
        ],
        [
          "sell target",
          1.1019144008771162
        ],
        [
          "loss",
          1.095213326404312
        ],
        [
          "target fall",
          1.040611197709726
        ],
        [
          "decline",
          1.0259256744718779
        ],
        [
          "pressure",
          0.9578756305789078
        ],
        [
          "dips",
          0.9537083660213495
        ],
        [
          "slip",
          0.9350293537126783
        ],
        [
          "drops",
          0.907274526237876
        ],
        [
          "declines",
          0.8966770381691217
        ],
        [
          "plunges",
          0.8307493197642899
        ],
        [
          "target slip",
          0.8080874443724109
        ]
      ],
      "top_negative": [
        [
          "buy",
          -0.7238760098401407
        ],
        [
          "gain",
          -0.7006558965930453
        ],
        [
          "surges",
          -0.6803398243513722
        ],
        [
          "rallies",
          -0.6542821740127746
        ],
        [
          "rises",
          -0.6146005781725271
        ],
        [
          "high",
          -0.5788475538362292
        ],
        [
          "jumps",
          -0.5783892620723459
        ],
        [
          "rally",
          -0.5783295934150491
        ],
        [
          "ipo",
          -0.5629273916082455
        ],
        [
          "good",
          -0.5503518017347321
        ],
        [
          "rise",
          -0.49590037947437593
        ],
        [
          "buys",
          -0.4822445079475046
        ],
        [
          "picks",
          -0.481973676394342
        ],
        [
          "target rallies",
          -0.47580978122254314
        ],
        [
          "surge",
          -0.4678380013341605
        ],
        [
          "focus",
          -0.44491029097137846
        ],
        [
          "target surges",
          -0.4370594757474106
        ],
        [
          "appoints",
          -0.4313624548483531
        ],
        [
          "upside",
          -0.4207844756251181
        ],
        [
          "positive",
          -0.4057666603639116
        ]
      ]
    },
    "Neutral": {
      "top_positive": [
        [
          "ipo",
          1.1262817518828023
        ],
        [
          "appoints",
          0.8893276273214913
        ],
        [
          "ceo",
          0.7757211448325085
        ],
        [
          "target appoints",
          0.7700130812452604
        ],
        [
          "flat",
          0.7380942754945089
        ],
        [
          "steady",
          0.731183774649935
        ],
        [
          "trading",
          0.7169203192803322
        ],
        [
          "director",
          0.6931330393706302
        ],
        [
          "2014",
          0.6025357051715572
        ],
        [
          "new",
          0.5924281768208745
        ],
        [
          "launch",
          0.5799633993627306
        ],
        [
          "mixed",
          0.5736995500105102
        ],
        [
          "norms",
          0.5721452877483734
        ],
        [
          "range",
          0.5721404559118145
        ],
        [
          "head",
          0.5674492600404587
        ],
        [
          "india",
          0.5670299426631839
        ],
        [
          "target rangebound",
          0.5646679689764272
        ],
        [
          "profit rs",
          0.5573152021059102
        ],
        [
          "chairman",
          0.5533564842314233
        ],
        [
          "target report",
          0.5498658485267849
        ]
      ],