{
  "test_metrics": {
    "accuracy": 0.721642310368824,
    "weighted_f1": 0.7212929281399447,
    "macro_f1": 0.7201689644431398,
    "per_class_metrics": {
      "negative": {
        "precision": 0.7708978328173375,
        "recall": 0.6535433070866141,
        "f1": 0.7073863636363636,
        "support": 381
      },
      "neutral": {
        "precision": 0.6972789115646258,
        "recall": 0.7454545454545455,
        "f1": 0.7205623901581723,
        "support": 550
      },
      "positive": {
        "precision": 0.7186311787072244,
        "recall": 0.7470355731225297,
        "f1": 0.7325581395348837,
        "support": 506
      }
    },
    "confusion_matrix": [
      [
        249,
        84,
        48
      ],
      [
        40,
        410,
        100
      ],
      [
        34,
        94,
        378
      ]
    ],
    "roc_auc_scores": {
      "class_-1": 0.8869763083591823,
      "class_0": 0.8694281029004818,
      "class_1": 0.8887464284652908
    },
    "classification_report": {
      "-1": {
        "precision": 0.7708978328173375,
        "recall": 0.6535433070866141,
        "f1-score": 0.7073863636363636,
        "support": 381.0
      },
      "0": {
        "precision": 0.6972789115646258,
        "recall": 0.7454545454545455,
        "f1-score": 0.7205623901581723,
        "support": 550.0
      },
      "1": {
        "precision": 0.7186311787072244,
        "recall": 0.7470355731225297,
        "f1-score": 0.7325581395348837,
        "support": 506.0
      },
      "accuracy": 0.721642310368824,
      "macro avg": {
        "precision": 0.7289359743630626,
        "recall": 0.7153444752212298,
        "f1-score": 0.7201689644431398,
        "support": 1437.0
      },
      "weighted avg": {
        "precision": 0.7243165289421053,
        "recall": 0.721642310368824,
        "f1-score": 0.7212929281399447,
        "support": 1437.0
      }
    }
  },
  "cross_validation": {
    "mean_accuracy": 0.7255242090726244,
    "std_accuracy": 0.0064379991197242616,
    "fold_scores": [
      0.7268377555458895,
      0.720626631853786,
      0.7371627502175805,
      0.7188859878154917,
      0.7241079199303743
    ]
  },
  "feature_importance": {
    "Negative": {
      "top_positive": [
        [
          "fall",
          2.0559450438799134
        ],
        [
          "falls",
          1.55779703809301
        ],
        [
          "low",
          1.3354021242127794
        ],
        [
          "lower",
          1.3075889319923366
        ],
        [
          "slips",
          1.2852775840645287
        ],
        [
          "target slips",
          1.266996124877079
        ],
        [
          "weak",
          1.2613141874401679
        ],
        [
          "sell",
          1.1644961663961213
        ],
        [
          "target falls",
          1.1306210353880382
        ],
        [
          "sell target",
          1.099605535211927
        ],
        [
          "loss",
          1.094276106921934
        ],
        [
          "target fall",
          1.0399354787323436
        ],
        [
          "decline",
          1.0275236198461724
        ],
        [
          "pressure",
          0.9624932394406505
        ],
        [
          "dips",
          0.9448538463874844
        ],
        [
          "slip",
          0.934959102487444
        ],
        [
          "drops",
          0.9237595695893237
        ],
        [
          "declines",
          0.8890992326662337
        ],
        [
          "plunges",
          0.8295412077804484
        ],
        [
          "target slip",
          0.8076473427209941
        ]
      ],
      "top_negative": [
        [
          "buy",
          -0.729621955514476
        ],
        [
          "gain",
          -0.6961661593864452
        ],
        [
          "surges",
          -0.6841361788841964
        ],
        [
          "rallies",
          -0.6527461259255544
        ],
        [
          "rises",
          -0.6145450860897959
        ],
        [
          "jumps",
          -0.5745907970699711
        ],
        [
          "high",
          -0.5721561280507795
        ],
        [
          "rally",
          -0.5681724252401592
        ],
        [
          "good",
          -0.5449737412233477
        ],
        [
          "ipo",
          -0.5400243219282387
        ],
        [
          "rise",
          -0.49135593102458613
        ],
        [
          "picks",
          -0.48820707250323053
        ],
        [
          "buys",
          -0.4863585491200509
        ],
        [
          "target rallies",
          -0.4757885897581759
        ],
        [
          "surge",
          -0.4732157906645688
        ],
        [
          "focus",
          -0.4435835245409059
        ],
        [
          "target surges",
          -0.43966752478552334
        ],
        [
          "appoints",
          -0.43306185243182016
        ],
        [
          "upside",
          -0.4230714634828694
        ],
        [
          "positive",
          -0.4034493005162487
        ]
      ]
    },
    "Neutral": {
      "top_positive": [
        [
          "ipo",
          1.1162815322346376
        ],
        [
          "appoints",
          0.891230850453791
        ],
        [
          "ceo",
          0.7720045451103791
        ],
        [
          "target appoints",
          0.7710111294616867
        ],
        [
          "flat",
          0.731735510609125
        ],
        [
          "steady",
          0.7299825216191295
        ],
        [
          "trading",
          0.724199253700047
        ],
        [
          "director",
          0.6920892826344165
        ],
        [
          "2014",
          0.5985145982556439
        ],
        [
          "mixed",
          0.5869523872073016
        ],
        [
          "new",
          0.5756765371933117
        ],
        [
          "range",
          0.5724267737043107
        ],
        [
          "launch",
          0.5701987566116862
        ],
        [
          "norms",
          0.5678701672242451
        ],
        [
          "india",
          0.5660309617765621
        ],
        [
          "target rangebound",
          0.5652236799290202
        ],
        [
          "head",
          0.5602720501949264
        ],
        [
          "profit rs",
          0.5581495819352722
        ],
        [
          "chairman",
          0.5575795287095016
        ],
        [
          "target report",
          0.5511420243515871
        ]
      ],