{
  "test_metrics": {
    "accuracy": 0.7281921618204804,
    "weighted_f1": 0.7272853760213632,
    "per_class_metrics": {
      "negative": {
        "precision": 0.744578313253012,
        "recall": 0.6505263157894737,
        "f1": 0.6943820224719102,
        "support": 475
      },
      "neutral": {
        "precision": 0.6977124183006536,
        "recall": 0.7922077922077922,
        "f1": 0.7419635099913119,
        "support": 539
      },
      "positive": {
        "precision": 0.7495495495495496,
        "recall": 0.7323943661971831,
        "f1": 0.7408726625111309,
        "support": 568
      }
    },
    "confusion_matrix": [
      [
        309,
        92,
        74
      ],
      [
        47,
        427,
        65
      ],
      [
        59,
        93,
        416
      ]
    ],
    "roc_auc_scores": {
      "class_-1": 0.8800209195074407,
      "class_0": 0.8808222321439689,
      "class_1": 0.8648654749006862
    },
    "classification_report": {
      "-1": {
        "precision": 0.744578313253012,
        "recall": 0.6505263157894737,
        "f1-score": 0.6943820224719102,
        "support": 475.0
      },
      "0": {
        "precision": 0.6977124183006536,
        "recall": 0.7922077922077922,
        "f1-score": 0.7419635099913119,
        "support": 539.0
      },
      "1": {
        "precision": 0.7495495495495496,
        "recall": 0.7323943661971831,
        "f1-score": 0.7408726625111309,
        "support": 568.0
      },
      "accuracy": 0.7281921618204804,
      "macro avg": {
        "precision": 0.730613427034405,
        "recall": 0.725042824731483,
        "f1-score": 0.7257393983247843,
        "support": 1582.0
      },
      "weighted avg": {
        "precision": 0.7303955982322232,
        "recall": 0.7281921618204804,
        "f1-score": 0.7272853760213632,
        "support": 1582.0
      }
    }
  },
  "cross_validation": {
    "mean_accuracy": 0.7223268874768599,
    "std_accuracy": 0.014542619083565028,
    "fold_scores": [
      0.7470355731225297,
      0.7288537549407115,
      0.7051383399209487,
      0.7130434782608696,
      0.7175632911392406
    ]
  },
  "feature_importance": {
    "Negative": {
      "top_positive": [
        [
          "falls",
          1.4578186668470279
        ],
        [
          "fall",
          1.3146232044978132
        ],
        [
          "slips",
          1.2016724511747596
        ],
        [
          "sell",
          1.1159073671136492
        ],
        [
          "weak",
          1.0814989930788947
        ],
        [
          "low",
          1.075679808348589
        ],
        [
          "loss",
          0.9382255942642468
        ],
        [
          "dips",
          0.8045880033239838
        ],
        [
          "futures",
          0.7670195525211807
        ],
        [
          "lower",
          0.7548694605516596
        ],
        [
          "plunges",
          0.7008713286882949
        ],
        [
          "declines",
          0.693853687914666
        ],
        [
          "shares",
          0.6773943764564465
        ],
        [
          "drops",
          0.6560798072246385
        ],
        [
          "decline",
          0.6174116245595255
        ],
        [
          "drop",
          0.5739733831704987
        ],
        [
          "global",
          0.5642276539915045
        ],
        [
          "bearish",
          0.5630865838518045
        ],
        [
          "cent",
          0.5121032967623385
        ],
        [
          "slip",
          0.49719159459144835
        ]
      ],
      "top_negative": [
        [
          "sebi",
          -0.754049219455314
        ],
        [
          "surges",
          -0.5671948383967419
        ],
        [
          "rises",
          -0.562728635442499
        ],
        [
          "appoints",
          -0.524623576701977
        ],
        [
          "ipo",
          -0.5189938498273938
        ],
        [
          "jumps",
          -0.47627553062075395
        ],
        [
          "rallies",
          -0.4630372410648495
        ],
        [
          "plans",
          -0.4009234784305657
        ],
        [
          "new",
          -0.3857291769348976
        ],
        [
          "gain",
          -0.3855341790865264
        ],
        [
          "high",
          -0.37788620834540243
        ],
        [
          "raise",
          -0.37286672056540016
        ],
        [
          "buy",
          -0.3727594092468503
        ],
        [
          "strong",
          -0.37187531344137864
        ],
        [
          "ceo",
          -0.3443580813999815
        ],
        [
          "good",
          -0.3373957562274247
        ],
        [
          "rise",
          -0.33212760703374095
        ],
        [
          "director",
          -0.3276230789699315
        ],
        [
          "india",
          -0.3248693452726045
        ],
        [
          "steady",
          -0.32410263674969175
        ]
      ]
    },
    "Neutral": {
      "top_positive": [
        [
          "sebi",
          1.5675291502375028
        ],
        [
          "appoints",
          1.0825355070153557
        ],
        [
          "ipo",
          0.9637014866779471
        ],
        [
          "ceo",
          0.7402783662757149
        ],
        [
          "new",
          0.6982498585438115
        ],
        [
          "director",
          0.69005651357799
        ],
        [
          "nifty",
          0.6622052490160855
        ],
        [
          "flat",
          0.6277610951248332
        ],
        [
          "trading",
          0.5876262566778194
        ],
        [
          "raise",
          0.570498736213821
        ],
        [
          "chairman",
          0.5445428631177679
        ],
        [
          "steady",
          0.5253515567369417
        ],
        [
          "india",
          0.5239069918854723
        ],
        [
          "board",
          0.5156199669872926
        ],
        [
          "profit rs",
          0.49607083199464835
        ],
        [
          "appointed",
          0.485490028595911
        ],
        [
          "markets",
          0.4852766804461264
        ],
        [
          "range",
          0.4828008849907755
        ],
        [
          "head",
          0.4762818487542906
        ],
        [
          "md",
          0.4475724143973396
        ]
      ],
      "top_negative": [
        [
          "net",
          -1.0234587180992767
        ],
        [
          "shares",
          -0.8408081785912206
        ],
        [
          "futures",
          -0.8121299932273033
        ],
        [
          "cent",
          -0.8058265698614662
        ],
        [
          "demand",
          -0.7340056816251329
        ],
        [
          "falls",
          -0.6873744637559767
        ],
        [
          "low",
          -0.6433716640783098
        ],
        [
          "fall",
          -0.6370539378059984
        ],
        [
          "high",
          -0.6226411903466499
        ],
        [
          "stock",
          -0.6203115773651741
        ],
        [
          "sell",
          -0.6041185473124124
        ],
        [
          "pc",
          -0.6003294176884535
        ],
        [
          "surges",
          -0.5898036868341893
        ],
        [
          "profit",
          -0.5680565217328605
        ],
        [
          "slips",
          -0.5641422899434118
        ],
        [
          "rises",
          -0.5477654600162618
        ],
        [
          "weak",
          -0.5042057917208956
        ],
        [
          "stocks",
          -0.49764108831943726
        ],
        [
          "gains",
          -0.48070470261427417
        ],
        [
          "rallies",
          -0.4786865349914311
        ]
      ]
    },