{
  "accuracy": 0.8740431454418929,
  "weighted_f1": 0.8737100853679998,
  "macro_f1": 0.8743347850217157,
  "per_class_metrics": {
    "negative": {
      "precision": 0.9424242424242424,
      "recall": 0.8162729658792651,
      "f1": 0.8748241912798875,
      "support": 381
    },
    "neutral": {
      "precision": 0.8561020036429873,
      "recall": 0.8545454545454545,
      "f1": 0.8553230209281165,
      "support": 550
    },
    "positive": {
      "precision": 0.8512544802867383,
      "recall": 0.9387351778656127,
      "f1": 0.8928571428571429,
      "support": 506
    }
  },
  "confusion_matrix": [
    [
      311,
      52,
      18
    ],
    [
      15,
      470,
      65
    ],
    [
      4,
      27,
      475
    ]
  ],
  "roc_auc_scores": {
    "class_-1": 0.9783638550862961,
    "class_0": 0.9580793276621913,
    "class_1": 0.9765138424831135
  },
  "classification_report": {
    "-1": {
      "precision": 0.9424242424242424,
      "recall": 0.8162729658792651,
      "f1-score": 0.8748241912798875,
      "support": 381.0
    },
    "0": {
      "precision": 0.8561020036429873,
      "recall": 0.8545454545454545,
      "f1-score": 0.8553230209281165,
      "support": 550.0
    },
    "1": {
      "precision": 0.8512544802867383,
      "recall": 0.9387351778656127,
      "f1-score": 0.8928571428571429,
      "support": 506.0
    },
    "accuracy": 0.8740431454418929,
    "macro avg": {
      "precision": 0.8832602421179893,
      "recall": 0.8698511994301108,
      "f1-score": 0.8743347850217157,
      "support": 1437.0
    },
    "weighted avg": {
      "precision": 0.877282188860382,
      "recall": 0.8740431454418929,
      "f1-score": 0.8737100853679998,
      "support": 1437.0
    }
  }
}