{
  "accuracy": 0.8503827418232429,
  "weighted_f1": 0.8501943079945057,
  "macro_f1": 0.8496608732576657,
  "per_class_metrics": {
    "negative": {
      "precision": 0.9385113268608414,
      "recall": 0.7611548556430446,
      "f1": 0.8405797101449275,
      "support": 381
    },
    "neutral": {
      "precision": 0.8043117744610282,
      "recall": 0.8818181818181818,
      "f1": 0.8412836079791848,
      "support": 550
    },
    "positive": {
      "precision": 0.8514285714285714,
      "recall": 0.883399209486166,
      "f1": 0.8671193016488846,
      "support": 506
    }
  },
  "confusion_matrix": [
    [
      290,
      65,
      26
    ],
    [
      13,
      485,
      52
    ],
    [
      6,
      53,
      447
    ]
  ],
  "roc_auc_scores": {
    "class_-1": 0.9742702616718365,
    "class_0": 0.9518602029312287,
    "class_1": 0.9623062455687497
  },
  "classification_report": {
    "-1": {
      "precision": 0.9385113268608414,
      "recall": 0.7611548556430446,
      "f1-score": 0.8405797101449275,
      "support": 381.0
    },
    "0": {
      "precision": 0.8043117744610282,
      "recall": 0.8818181818181818,
      "f1-score": 0.8412836079791848,
      "support": 550.0
    },
    "1": {
      "precision": 0.8514285714285714,
      "recall": 0.883399209486166,
      "f1-score": 0.8671193016488846,
      "support": 506.0
    },
    "accuracy": 0.8503827418232429,
    "macro avg": {
      "precision": 0.8647505575834803,
      "recall": 0.8421240823157975,
      "f1-score": 0.8496608732576657,
      "support": 1437.0
    },
    "weighted avg": {
      "precision": 0.8564837499167732,
      "recall": 0.8503827418232429,
      "f1-score": 0.8501943079945057,
      "support": 1437.0
    }
  }
}