{
  "loss": [
    0.5171566605567932,
    0.30332043766975403,
    0.22683562338352203,
    0.16688162088394165,
    0.11643026024103165
  ],
  "val_loss": [
    0.3680688440799713,
    0.35031014680862427,
    0.35232001543045044,
    0.42343881726264954,
    0.4140518307685852
  ],
  "accuracy": [
    0.7894003987312317,
    0.8888695240020752,
    0.921677827835083,
    0.9447393417358398,
    0.9611870050430298
  ],
  "val_accuracy": [
    0.8629088401794434,
    0.8782185316085815,
    0.875434935092926,
    0.8789144158363342,
    0.8886569142341614
  ]
}