{
  "loss": [
    0.5913816690444946,
    0.3758893311023712,
    0.27668046951293945,
    0.21298469603061676,
    0.15826083719730377
  ],
  "val_loss": [
    0.4146431088447571,
    0.3972012996673584,
    0.3859787583351135,
    0.4342862367630005,
    0.41748884320259094
  ],
  "accuracy": [
    0.7538943290710449,
    0.8559742569923401,
    0.8952223658561707,
    0.9233313202857971,
    0.9440431594848633
  ],
  "val_accuracy": [
    0.8350730538368225,
    0.8601252436637878,
    0.8629088401794434,
    0.8663883209228516,
    0.8698678016662598
  ]
}