{
  "accuracy": 0.8116308470290771,
  "weighted_f1": 0.8116980865379837,
  "per_class_metrics": {
    "negative": {
      "precision": 0.8628841607565012,
      "recall": 0.7684210526315789,
      "f1": 0.8129175946547884,
      "support": 475
    },
    "neutral": {
      "precision": 0.7801047120418848,
      "recall": 0.8293135435992579,
      "f1": 0.8039568345323741,
      "support": 539
    },
    "positive": {
      "precision": 0.8054607508532423,
      "recall": 0.8309859154929577,
      "f1": 0.8180242634315424,
      "support": 568
    }
  },
  "confusion_matrix": [
    [
      365,
      62,
      48
    ],
    [
      26,
      447,
      66
    ],
    [
      32,
      64,
      472
    ]
  ],
  "roc_auc_scores": {
    "class_-1": 0.934674083582941,
    "class_0": 0.9349172947310189,
    "class_1": 0.934812276023002
  },
  "classification_report": {
    "-1": {
      "precision": 0.8628841607565012,
      "recall": 0.7684210526315789,
      "f1-score": 0.8129175946547884,
      "support": 475.0
    },
    "0": {
      "precision": 0.7801047120418848,
      "recall": 0.8293135435992579,
      "f1-score": 0.8039568345323741,
      "support": 539.0
    },
    "1": {
      "precision": 0.8054607508532423,
      "recall": 0.8309859154929577,
      "f1-score": 0.8180242634315424,
      "support": 568.0
    },
    "accuracy": 0.8116308470290771,
    "macro avg": {
      "precision": 0.8161498745505428,
      "recall": 0.8095735039079314,
      "f1-score": 0.8116328975395684,
      "support": 1582.0
    },
    "weighted avg": {
      "precision": 0.8140632886438405,
      "recall": 0.8116308470290771,
      "f1-score": 0.8116980865379837,
      "support": 1582.0
    }
  }
}